{
  "id": "",
  "name": "",
  "font_family": "iconfont",
  "css_prefix_text": "icon-",
  "description": "",
  "glyphs": [
    {
      "icon_id": "15838424",
      "name": "add",
      "font_class": "add",
      "unicode": "e664",
      "unicode_decimal": 58980
    },
    {
      "icon_id": "15838426",
      "name": "adjust",
      "font_class": "adjust",
      "unicode": "e665",
      "unicode_decimal": 58981
    },
    {
      "icon_id": "15838429",
      "name": "arrow-down",
      "font_class": "arrow-down",
      "unicode": "e666",
      "unicode_decimal": 58982
    },
    {
      "icon_id": "15838430",
      "name": "ashbin",
      "font_class": "ashbin",
      "unicode": "e667",
      "unicode_decimal": 58983
    },
    {
      "icon_id": "15838431",
      "name": "arrow-right",
      "font_class": "arrow-right",
      "unicode": "e668",
      "unicode_decimal": 58984
    },
    {
      "icon_id": "15838432",
      "name": "browse",
      "font_class": "browse",
      "unicode": "e669",
      "unicode_decimal": 58985
    },
    {
      "icon_id": "15838433",
      "name": "bottom",
      "font_class": "bottom",
      "unicode": "e66a",
      "unicode_decimal": 58986
    },
    {
      "icon_id": "15838435",
      "name": "bad",
      "font_class": "bad",
      "unicode": "e66b",
      "unicode_decimal": 58987
    },
    {
      "icon_id": "15838439",
      "name": "caps-lock",
      "font_class": "caps-lock",
      "unicode": "e66c",
      "unicode_decimal": 58988
    },
    {
      "icon_id": "15838440",
      "name": "camera",
      "font_class": "camera",
      "unicode": "e66d",
      "unicode_decimal": 58989
    },
    {
      "icon_id": "15838442",
      "name": "attachment",
      "font_class": "attachment",
      "unicode": "e66e",
      "unicode_decimal": 58990
    },
    {
      "icon_id": "15838443",
      "name": "code",
      "font_class": "code",
      "unicode": "e66f",
      "unicode_decimal": 58991
    },
    {
      "icon_id": "15838444",
      "name": "close",
      "font_class": "close",
      "unicode": "e670",
      "unicode_decimal": 58992
    },
    {
      "icon_id": "15838445",
      "name": "check-item",
      "font_class": "check-item",
      "unicode": "e671",
      "unicode_decimal": 58993
    },
    {
      "icon_id": "15838446",
      "name": "calendar",
      "font_class": "calendar",
      "unicode": "e672",
      "unicode_decimal": 58994
    },
    {
      "icon_id": "15838447",
      "name": "comment",
      "font_class": "comment",
      "unicode": "e673",
      "unicode_decimal": 58995
    },
    {
      "icon_id": "15838450",
      "name": "complete",
      "font_class": "complete",
      "unicode": "e674",
      "unicode_decimal": 58996
    },
    {
      "icon_id": "15838452",
      "name": "cry",
      "font_class": "cry",
      "unicode": "e675",
      "unicode_decimal": 58997
    },
    {
      "icon_id": "15838454",
      "name": "delete",
      "font_class": "delete",
      "unicode": "e676",
      "unicode_decimal": 58998
    },
    {
      "icon_id": "15838455",
      "name": "direction-down",
      "font_class": "direction-down",
      "unicode": "e677",
      "unicode_decimal": 58999
    },
    {
      "icon_id": "15838456",
      "name": "copy",
      "font_class": "copy",
      "unicode": "e678",
      "unicode_decimal": 59000
    },
    {
      "icon_id": "15838457",
      "name": "cut",
      "font_class": "cut",
      "unicode": "e679",
      "unicode_decimal": 59001
    },
    {
      "icon_id": "15838460",
      "name": "direction-right",
      "font_class": "direction-right",
      "unicode": "e67a",
      "unicode_decimal": 59002
    },
    {
      "icon_id": "15838461",
      "name": "direction-up",
      "font_class": "direction-up",
      "unicode": "e67b",
      "unicode_decimal": 59003
    },
    {
      "icon_id": "15838462",
      "name": "discount",
      "font_class": "discount",
      "unicode": "e67c",
      "unicode_decimal": 59004
    },
    {
      "icon_id": "15838463",
      "name": "direction-left",
      "font_class": "direction-left",
      "unicode": "e67d",
      "unicode_decimal": 59005
    },
    {
      "icon_id": "15838464",
      "name": "download",
      "font_class": "download",
      "unicode": "e67e",
      "unicode_decimal": 59006
    },
    {
      "icon_id": "15838465",
      "name": "electronics",
      "font_class": "electronics",
      "unicode": "e67f",
      "unicode_decimal": 59007
    },
    {
      "icon_id": "15838467",
      "name": "elipsis",
      "font_class": "elipsis",
      "unicode": "e680",
      "unicode_decimal": 59008
    },
    {
      "icon_id": "15838468",
      "name": "export",
      "font_class": "export",
      "unicode": "e681",
      "unicode_decimal": 59009
    },
    {
      "icon_id": "15838469",
      "name": "explain",
      "font_class": "explain",
      "unicode": "e682",
      "unicode_decimal": 59010
    },
    {
      "icon_id": "15838470",
      "name": "edit",
      "font_class": "edit",
      "unicode": "e683",
      "unicode_decimal": 59011
    },
    {
      "icon_id": "15838472",
      "name": "email",
      "font_class": "email",
      "unicode": "e684",
      "unicode_decimal": 59012
    },
    {
      "icon_id": "15838473",
      "name": "error",
      "font_class": "error",
      "unicode": "e685",
      "unicode_decimal": 59013
    },
    {
      "icon_id": "15838474",
      "name": "favorite",
      "font_class": "favorite",
      "unicode": "e686",
      "unicode_decimal": 59014
    },
    {
      "icon_id": "15838475",
      "name": "file-common",
      "font_class": "file-common",
      "unicode": "e687",
      "unicode_decimal": 59015
    },
    {
      "icon_id": "15838476",
      "name": "file-delete",
      "font_class": "file-delete",
      "unicode": "e688",
      "unicode_decimal": 59016
    },
    {
      "icon_id": "15838477",
      "name": "file-add",
      "font_class": "file-add",
      "unicode": "e689",
      "unicode_decimal": 59017
    },
    {
      "icon_id": "15838479",
      "name": "fabulous",
      "font_class": "fabulous",
      "unicode": "e68a",
      "unicode_decimal": 59018
    },
    {
      "icon_id": "15838480",
      "name": "file",
      "font_class": "file",
      "unicode": "e68b",
      "unicode_decimal": 59019
    },
    {
      "icon_id": "15838481",
      "name": "folder-close",
      "font_class": "folder-close",
      "unicode": "e68c",
      "unicode_decimal": 59020
    },
    {
      "icon_id": "15838482",
      "name": "filter",
      "font_class": "filter",
      "unicode": "e68d",
      "unicode_decimal": 59021
    },
    {
      "icon_id": "15838483",
      "name": "good",
      "font_class": "good",
      "unicode": "e68e",
      "unicode_decimal": 59022
    },
    {
      "icon_id": "15838484",
      "name": "hide",
      "font_class": "hide",
      "unicode": "e68f",
      "unicode_decimal": 59023
    },
    {
      "icon_id": "15838485",
      "name": "home",
      "font_class": "home",
      "unicode": "e690",
      "unicode_decimal": 59024
    },
    {
      "icon_id": "15838486",
      "name": "history",
      "font_class": "history",
      "unicode": "e691",
      "unicode_decimal": 59025
    },
    {
      "icon_id": "15838487",
      "name": "file-open",
      "font_class": "file-open",
      "unicode": "e692",
      "unicode_decimal": 59026
    },
    {
      "icon_id": "15838489",
      "name": "import",
      "font_class": "import",
      "unicode": "e693",
      "unicode_decimal": 59027
    },
    {
      "icon_id": "15838493",
      "name": "link",
      "font_class": "link",
      "unicode": "e694",
      "unicode_decimal": 59028
    },
    {
      "icon_id": "15838497",
      "name": "lock",
      "font_class": "lock",
      "unicode": "e695",
      "unicode_decimal": 59029
    },
    {
      "icon_id": "15838499",
      "name": "map",
      "font_class": "map",
      "unicode": "e696",
      "unicode_decimal": 59030
    },
    {
      "icon_id": "15838501",
      "name": "menu",
      "font_class": "menu",
      "unicode": "e697",
      "unicode_decimal": 59031
    },
    {
      "icon_id": "15838503",
      "name": "help",
      "font_class": "help",
      "unicode": "e698",
      "unicode_decimal": 59032
    },
    {
      "icon_id": "15838505",
      "name": "modular",
      "font_class": "modular",
      "unicode": "e699",
      "unicode_decimal": 59033
    },
    {
      "icon_id": "15838506",
      "name": "notification",
      "font_class": "notification",
      "unicode": "e69a",
      "unicode_decimal": 59034
    },
    {
      "icon_id": "15838508",
      "name": "more",
      "font_class": "more",
      "unicode": "e69b",
      "unicode_decimal": 59035
    },
    {
      "icon_id": "15838509",
      "name": "pad",
      "font_class": "pad",
      "unicode": "e69c",
      "unicode_decimal": 59036
    },
    {
      "icon_id": "15838510",
      "name": "operation",
      "font_class": "operation",
      "unicode": "e69d",
      "unicode_decimal": 59037
    },
    {
      "icon_id": "15838511",
      "name": "play",
      "font_class": "play",
      "unicode": "e69e",
      "unicode_decimal": 59038
    },
    {
      "icon_id": "15838512",
      "name": "print",
      "font_class": "print",
      "unicode": "e69f",
      "unicode_decimal": 59039
    },
    {
      "icon_id": "15838513",
      "name": "mobile-phone",
      "font_class": "mobile-phone",
      "unicode": "e6a0",
      "unicode_decimal": 59040
    },
    {
      "icon_id": "15838514",
      "name": "minus",
      "font_class": "minus",
      "unicode": "e6a1",
      "unicode_decimal": 59041
    },
    {
      "icon_id": "15838515",
      "name": "navigation",
      "font_class": "navigation",
      "unicode": "e6a2",
      "unicode_decimal": 59042
    },
    {
      "icon_id": "15838517",
      "name": "prompt",
      "font_class": "prompt",
      "unicode": "e6a3",
      "unicode_decimal": 59043
    },
    {
      "icon_id": "15838518",
      "name": "move",
      "font_class": "move",
      "unicode": "e6a4",
      "unicode_decimal": 59044
    },
    {
      "icon_id": "15838519",
      "name": "refresh",
      "font_class": "refresh",
      "unicode": "e6a5",
      "unicode_decimal": 59045
    },
    {
      "icon_id": "15838521",
      "name": "picture",
      "font_class": "picture",
      "unicode": "e6a6",
      "unicode_decimal": 59046
    },
    {
      "icon_id": "15838523",
      "name": "pin",
      "font_class": "pin",
      "unicode": "e6a7",
      "unicode_decimal": 59047
    },
    {
      "icon_id": "15838524",
      "name": "save",
      "font_class": "save",
      "unicode": "e6a8",
      "unicode_decimal": 59048
    },
    {
      "icon_id": "15838525",
      "name": "search",
      "font_class": "search",
      "unicode": "e6a9",
      "unicode_decimal": 59049
    },
    {
      "icon_id": "15838526",
      "name": "share",
      "font_class": "share",
      "unicode": "e6aa",
      "unicode_decimal": 59050
    },
    {
      "icon_id": "15838527",
      "name": "scanning",
      "font_class": "scanning",
      "unicode": "e6ab",
      "unicode_decimal": 59051
    },
    {
      "icon_id": "15838528",
      "name": "security",
      "font_class": "security",
      "unicode": "e6ac",
      "unicode_decimal": 59052
    },
    {
      "icon_id": "15838529",
      "name": "sign-out",
      "font_class": "sign-out",
      "unicode": "e6ad",
      "unicode_decimal": 59053
    },
    {
      "icon_id": "15838530",
      "name": "select",
      "font_class": "select",
      "unicode": "e6ae",
      "unicode_decimal": 59054
    },
    {
      "icon_id": "15838531",
      "name": "stop",
      "font_class": "stop",
      "unicode": "e6af",
      "unicode_decimal": 59055
    },
    {
      "icon_id": "15838532",
      "name": "success",
      "font_class": "success",
      "unicode": "e6b0",
      "unicode_decimal": 59056
    },
    {
      "icon_id": "15838533",
      "name": "smile",
      "font_class": "smile",
      "unicode": "e6b1",
      "unicode_decimal": 59057
    },
    {
      "icon_id": "15838535",
      "name": "setting",
      "font_class": "setting",
      "unicode": "e6b2",
      "unicode_decimal": 59058
    },
    {
      "icon_id": "15838536",
      "name": "survey",
      "font_class": "survey",
      "unicode": "e6b3",
      "unicode_decimal": 59059
    },
    {
      "icon_id": "15838537",
      "name": "task",
      "font_class": "task",
      "unicode": "e6b4",
      "unicode_decimal": 59060
    },
    {
      "icon_id": "15838538",
      "name": "skip",
      "font_class": "skip",
      "unicode": "e6b5",
      "unicode_decimal": 59061
    },
    {
      "icon_id": "15838539",
      "name": "text",
      "font_class": "text",
      "unicode": "e6b6",
      "unicode_decimal": 59062
    },
    {
      "icon_id": "15838540",
      "name": "time",
      "font_class": "time",
      "unicode": "e6b7",
      "unicode_decimal": 59063
    },
    {
      "icon_id": "15838542",
      "name": "toggle-left",
      "font_class": "toggle-left",
      "unicode": "e6b8",
      "unicode_decimal": 59064
    },
    {
      "icon_id": "15838543",
      "name": "toggle-right",
      "font_class": "toggle-right",
      "unicode": "e6b9",
      "unicode_decimal": 59065
    },
    {
      "icon_id": "15838545",
      "name": "top",
      "font_class": "top",
      "unicode": "e6ba",
      "unicode_decimal": 59066
    },
    {
      "icon_id": "15838546",
      "name": "unlock",
      "font_class": "unlock",
      "unicode": "e6bb",
      "unicode_decimal": 59067
    },
    {
      "icon_id": "15838547",
      "name": "user",
      "font_class": "user",
      "unicode": "e6bc",
      "unicode_decimal": 59068
    },
    {
      "icon_id": "15838548",
      "name": "upload",
      "font_class": "upload",
      "unicode": "e6bd",
      "unicode_decimal": 59069
    },
    {
      "icon_id": "15838549",
      "name": "work",
      "font_class": "work",
      "unicode": "e6be",
      "unicode_decimal": 59070
    },
    {
      "icon_id": "15838551",
      "name": "warning",
      "font_class": "warning",
      "unicode": "e6bf",
      "unicode_decimal": 59071
    },
    {
      "icon_id": "15838552",
      "name": "zoom-in",
      "font_class": "zoom-in",
      "unicode": "e6c0",
      "unicode_decimal": 59072
    },
    {
      "icon_id": "15838554",
      "name": "zoom-out",
      "font_class": "zoom-out",
      "unicode": "e6c1",
      "unicode_decimal": 59073
    },
    {
      "icon_id": "15838593",
      "name": "favorite-filling",
      "font_class": "favorite-filling",
      "unicode": "e6c2",
      "unicode_decimal": 59074
    },
    {
      "icon_id": "15838602",
      "name": "smile-filling",
      "font_class": "smile-filling",
      "unicode": "e6c3",
      "unicode_decimal": 59075
    },
    {
      "icon_id": "15838617",
      "name": "cry-filling",
      "font_class": "cry-filling",
      "unicode": "e6c4",
      "unicode_decimal": 59076
    }
  ]
}
